{"product_name":"Janasya Women Embroidered Pure Cotton Flared Kurta (Purple)","product_id":"KTAGPF7UYACSVHYF","scrap_date_and_time":"2025-06-30 15:45:44","image_urls":["http:\/\/rukminim1.flixcart.com\/image\/1920\/1080\/xif0q\/kurta\/j\/e\/m\/3xl-jne4143-kr-janasya-original-imagpf7u5yxfyzbf.jpeg?q=100&crop=false","http:\/\/rukminim1.flixcart.com\/image\/1920\/1080\/xif0q\/kurta\/p\/f\/f\/3xl-jne4143-kr-janasya-original-imagpf7ucnpgsaum.jpeg?q=100&crop=false","http:\/\/rukminim1.flixcart.com\/image\/1920\/1080\/xif0q\/kurta\/p\/i\/c\/3xl-jne4143-kr-janasya-original-imagpf7ugrnuug5v.jpeg?q=100&crop=false","http:\/\/rukminim1.flixcart.com\/image\/1920\/1080\/xif0q\/kurta\/v\/c\/4\/3xl-jne4143-kr-janasya-original-imagpf7ugxjk33nb.jpeg?q=100&crop=false","http:\/\/rukminim1.flixcart.com\/image\/1920\/1080\/xif0q\/kurta\/7\/f\/b\/3xl-jne4143-kr-janasya-original-imagpf7uh49gejgt.jpeg?q=100&crop=false"],"category_hierarchy":{},"number_of_ratings":68.0,"avg_rating":3.9,"individual_ratings_count":{"1":3,"2":7,"3":13,"4":13,"5":32},"brand":"Janasya","description":null,"product_description":[],"product_url":"https:\/\/www.flipkart.com\/janasya-women-embroidered-flared-kurta\/p\/itmf66624028f31f?pid=KTAGPF7UYACSVHYF&lid=None&marketplace=FLIPKART","requested_url":"https:\/\/www.flipkart.com\/janasya-women-embroidered-flared-kurta\/p\/itmf66624028f31f?pid=KTAGPF7UYACSVHYF&cmpid=product.share.pp&_refId=PP.c1b4ed6b-91d2-4f96-a63a-4729e019eca5.KTAGPF7UYACSVHYF&_appId=WA","mrp":null,"selling_price":null,"discount":null,"in_stock_out_of_stock_status":false,"size_chart":[],"seller_details":{},"reviews":[{"review_descriptions":"Beautiful kurti","reviewer_ratings":5,"images_posted_by_reviewers":[],"relative_review_dates":"6 months ago","reviewer_name":"akhila kalidindi"},{"review_descriptions":"Transparent fabric, pretty average quality but fitting is good","reviewer_ratings":3,"images_posted_by_reviewers":[],"relative_review_dates":"5 months ago","reviewer_name":"bhargav Gopal"}],"variant_level":[],"similar_product":[],"product_specification":{},"product_detail":{"ideal_for":"Women","length_type":"Calf Length","brand_color":"Lavender","occasion":"Casual","pattern":"Embroidered","type":"Flared","fabric":"Pure Cotton","style":"Gathered","neck":"V Neck","sleeve":"3\/4 Sleeve","color":"Purple","number_of_contents_in_sales_package":"Pack of 1","fabric_care":"Dry clean only","style_code":"JNE4143-KR","package_contains":"1 Kurta","net_quantity":"1","description":"Style this lavender dobby cotton solid gathered kurta by Janasya, perfect for any casual occasion. The kurta is crafted in comfortable soft cotton fabric featuring self-design dobby pattern all over, 3\/4th puff sleeves, a v-neckline, calf length with a comfortable fit. The kurta also has gathers at waistline, delicate thread embroidery on yoke, and lace over neckline with button and loop detailing for added style. Be sure to add this stylish kurta to your wardrobe today!"},"total_number_of_requests":3,"color_list":[],"size_list":[],"color":null,"size":null,"strap_color_list":[],"dial_color_list":[],"strap_color":null,"dial_color":null,"pack_of_list":[],"pack_of":null,"height":null,"frame_color":null,"combo_attr_for_swatch":null,"capacity":null,"quantity_list":[],"quantity":null,"number_of_contents_in_sales_package":null,"finish_color_list":[],"finish_color":null,"number_of_shelves":null,"sleeve":null,"stitching_type":null,"number_of_containers_list":[],"number_of_containers":null,"air_flow_level_list":[],"air_flow_level":null,"capacity_list":[],"induction_bottom_list":[],"induction_bottom":null,"power_consumption":null,"shade":null,"shade_list":[],"seating_capacity_list":[],"orientation_list":[],"orientation":null,"seating_capacity":null,"storage_included":null,"number_of_contents_in_sales_package_list":[],"mug_capacity_list":[],"mug_capacity":null,"color_code_list":[],"color_code":null,"blouse_piece":null,"weight_of_plates_list":[],"weight_of_plates":null,"spf_rating_list":[],"spf_rating":null,"storage_included_list":[],"diameter_list":[],"diameter":null,"with_microphone":null,"thickness":null,"decal_color_list":[],"decal_color":null,"total_jars_list":[],"total_jars":null,"plating_list":[],"plating":null,"display_size_list":[],"display_size":null,"number_of_shelves_list":[],"gear_list":[],"tire_size_list":[],"tire_size":null,"frame_size":null,"gear":null,"number_of_burners_list":[],"ignition_system_list":[],"gas_type_list":[],"number_of_burners":null,"gas_type":null,"ignition_system":null,"straps_list":[],"padding_list":[],"back_style_list":[],"detachable_straps_list":[],"padding":null,"straps":null,"detachable_straps":null,"back_style":null,"number_of_bottle_list":[],"number_of_bottle":null,"brand_color_list":[],"material":null,"brand_color":null,"shape_list":[],"shape":null,"launch_year":null,"head_type":null,"weight_list":[],"weight":null,"wifi_connectivity":null,"maximum_load":null,"number_of_tiers":null,"type":null,"power_consumption_list":[],"potency":null,"storage_list":[],"ram_list":[],"storage":null,"ram":null,"occasion_list":[],"occasion":null,"cable_length_list":[],"cable_length":null,"bag_capacity_list":[],"bag_capacity":null,"number_of_prongs_list":[],"number_of_prongs":null,"height_list":[],"suitable_for":null,"sleeve_list":[],"age_group_list":[],"age_group":null,"dimension_list":[],"dimension":null,"length_list":[],"length":null,"overall_length_list":[],"overall_length":null,"bottle_capacity_list":[],"bottle_capacity":null,"designed_for_list":[],"designed_for":null,"lens_color_list":[],"frame_color_list":[],"capacity_in_litres_list":[],"capacity_in_litres":null,"utility_type":null,"thickness_list":[],"bluetooth":null,"power_output":null,"flavour_list":[],"flavour":null,"number_of_door_list":[],"mirror_included_list":[],"mirror_included":null,"number_of_door":null,"suitable_for_list":[],"slr_variant_list":[],"slr_variant":null,"connectivity_list":[],"connectivity":null,"vehicle_model_name":null,"number_of_eggs_boiled_list":[],"number_of_eggs_boiled":null,"number_of_clips":null,"fragrance":null,"flavor_list":[],"flavor":null,"blouse_piece_list":[],"size_diameter_list":[],"size_diameter":null,"maximum_display_size_list":[],"maximum_display_size":null,"battery_capacity":null,"blade_length_list":[],"blade_length":null,"number_of_batteries":null,"washing_capacity_list":[],"energy_rating_list":[],"washing_capacity":null,"energy_rating":null,"width":null,"total_capacity_list":[],"total_capacity":null,"purifying_technology":null,"bottom_length":null,"depth_list":[],"depth":null,"top_length":null,"corrective_power_list":[],"corrective_power":null,"trimming_range":null,"blade_material":null,"number_of_sockets_list":[],"number_of_sockets":null,"power_cord_length":null,"usb_port":null,"water_tank_capacity":null,"led_power_consumption":null,"type_list":[],"size_in_length":null,"number_of_needles_list":[],"number_of_needles":null,"motor_technology_list":[],"motor_technology":null,"number_of_lights":null,"system_memory_list":[],"ssd_capacity":null,"system_memory":null,"screen_size":null,"wifi_connectivity_list":[],"width_list":[],"number_of_elastic_list":[],"number_of_elastic":null,"design_and_style":null,"number_of_blackhead_removers_list":[],"number_of_blackhead_removers":null,"foot_filer_surface_material_list":[],"foot_filer_surface_material":null,"laptop_size_list":[],"laptop_size":null,"size_in_mm_list":[],"size_in_mm":null,"lens_color":null,"power_output_list":[],"number_of_bulbs":null,"device_chipset":null,"sweep_diameter":null,"battery_capacity_list":[],"operating_system":null,"hd_technology":null,"sales_package_list":[],"sales_package":null,"number_of_compartments_list":[],"number_of_compartments":null,"frame_size_list":[],"number_of_brushes_list":[],"number_of_brushes":null,"number_of_plates_list":[],"number_of_plates":null,"manufacture_year_list":[],"manufacture_year":null,"purifying_technology_list":[],"number_of_tools_list":[],"number_of_tools":null,"with_microphone_list":[],"primary_material_subtype_list":[],"primary_material_subtype":null,"number_of_contents_in_set_list":[],"paper_density":null,"number_of_contents_in_set":null,"water_tank_capacity_list":[],"number_of_tiers_list":[],"ideal_for":null,"shade_code_list":[],"shade_code":null,"bat_grade":null,"display":null,"length_in_number_list":[],"length_in_number":null,"star_rating_list":[],"bee_rating_year_list":[],"star_rating":null,"bee_rating_year":null,"number_of_sticks_per_box_list":[],"set_of_list":[],"set_of":null,"number_of_sticks_per_box":null,"number_of_steps_list":[],"hand_rail":null,"tool_tray":null,"number_of_steps":null,"pan_capacity":null,"number_of_pieces_list":[],"number_of_pieces":null,"bed_size_list":[],"bed_size":null,"launch_year_list":[],"number_of_digits_list":[],"number_of_digits":null,"plant_size_list":[],"container_color_list":[],"container_material_list":[],"plant_size":null,"container_color":null,"container_material":null,"output_power_list":[],"output_power":null,"number_of_storage_boxes_list":[],"number_of_storage_boxes":null,"number_of_channels_list":[],"number_of_channels":null,"hand_rail_list":[],"number_of_bunks_list":[],"number_of_bunks":null,"additional_content_list":[],"included_games":null,"additional_content":null,"wireless_speed":null,"wheel_diameter":null,"pan_capacity_list":[],"number_of_batteries_list":[],"top_length_list":[],"trimming_range_list":[],"wheel_size":null,"frame_diameter_list":[],"handle_length_list":[],"frame_diameter":null,"handle_length":null,"number_of_paint_shades_list":[],"number_of_paint_shades":null,"design_and_style_list":[],"number_of_key_chains":null,"maximum_load_list":[],"number_of_chairs_list":[],"number_of_chairs":null,"number_of_seam_rippers_list":[],"number_of_seam_rippers":null,"compatible_idol_width_list":[],"compatible_idol_width":null,"hd_technology_list":[],"massager_list":[],"massager":null,"number_of_contents_in_combo_set_list":[],"number_of_contents_in_combo_set":null,"number_of_holders_list":[],"number_of_holders":null,"size_for_refiner_list":[],"size_for_refiner":null,"screen_size_list":[],"ideal_for_list":[],"number_of_pieces_per_pack_list":[],"number_of_pieces_per_pack":null,"model_version_list":[],"model_version":null,"booking_type":null,"state":null,"base_stand_with_drawer_list":[],"base_stand_with_drawer":null,"number_of_wash_programs_list":[],"number_of_wash_programs":null,"number_of_racks":null,"ssd_capacity_list":[],"air_suction_capacity_list":[],"filter_type_list":[],"filter_type":null,"air_suction_capacity":null,"bag_size":null,"number_of_lingerie_fashion_tape_list":[],"number_of_lingerie_fashion_tape":null,"material_list":[],"power_cord_length_list":[],"usb_port_list":[],"number_of_racks_list":[],"blade_material_list":[],"base_flavor":null,"number_of_packets_list":[],"number_of_packets":null,"speed_list":[],"speed":null,"panel_length_list":[],"panel_length":null,"wheel_diameter_list":[],"bottom_length_list":[],"interface_support":null,"interface_support_list":[],"size_in_length_list":[],"operating_system_list":[],"maximum_capacity_list":[],"maximum_capacity":null,"compatible_laptop_size_list":[],"compatible_laptop_size":null,"number_of_key_chains_list":[],"utility_type_list":[],"minimum_blood_sample_needed_list":[],"minimum_blood_sample_needed":null,"number_of_clips_list":[],"number_of_pads_list":[],"number_of_pads":null,"number_of_pencil_boxes":null,"max_power_consumption_list":[],"max_power_consumption":null,"fragrance_list":[],"memory_size_list":[],"read_speed":null,"memory_size":null,"number_of_blocks_list":[],"number_of_blocks":null,"number_of_covers_list":[],"number_of_covers":null,"rechargeable_list":[],"rechargeable":null,"dedicated_graphic_memory_capacity":null,"primary_color_list":[],"primary_color":null,"count_list":[],"count":null,"color_pack_list":[],"color_pack":null,"number_of_buttons_list":[],"number_of_buttons":null,"reading_power_list":[],"reading_power":null,"detachable_usb_cable":null,"dual_usb_ports":null,"output_current":null,"number_of_devices_batteries_charged":null,"tool_tray_list":[],"maximum_height_list":[],"maximum_width":null,"maximum_height":null,"maximum_load_capacity_list":[],"maximum_load_capacity":null,"operating_power":null,"maximum_weight_capacity_list":[],"maximum_weight_capacity":null,"mount_type_list":[],"mount_type":null,"minimum_age_list":[],"minimum_age":null,"holding_capacity_list":[],"holding_capacity":null,"rms_power_handling_list":[],"rms_power_handling":null,"error"
:false}
